{
  "images" : [
    {
      "extent" : "full-screen",
      "idiom" : "iphone",
      "subtype" : "736h",
      "filename" : "6plus.png",
      "minimum-system-version" : "8.0",
      "orientation" : "portrait",
      "scale" : "3x"
    },
    {
      "extent" : "full-screen",
      "idiom" : "iphone",
      "subtype" : "667h",
      "filename" : "Portrait6.png",
      "minimum-system-version" : "8.0",
      "orientation" : "portrait",
      "scale" : "2x"
    },
    {
      "orientation" : "portrait",
      "idiom" : "iphone",
      "filename" : "4s.png",
      "extent" : "full-screen",
      "minimum-system-version" : "7.0",
      "scale" : "2x"
    },
    {
      "extent" : "full-screen",
      "idiom" : "iphone",
      "subtype" : "retina4",
      "filename" : "5C.png",
      "minimum-system-version" : "7.0",
      "orientation" : "portrait",
      "scale" : "2x"
    }
  ],
  "info" : {
    "version" : 1,
    "author" : "xcode"
  }
}